File,Type,UUID,Key,Version/Edition,Company/Purpose
f.txt,Office/Project Ohook Activation,533b656a-4425-480b-8e30-1a2358898350,MAK,MondoVL,
f.txt,Office/Project Ohook Activation,4d463c2c-0505-4626-8cdb-a4da82e2d8ed,0015,AccessR,
f.txt,Office/Project Ohook Activation,745fb377-0a59-4ca9-b9a9-c359557a2c4e,001C,AccessRuntimeR,
f.txt,Office/Project Ohook Activation,95ab3ec8-4106-4f9d-b632-03c019d1d23f,0015,AccessVL,
f.txt,Office/Project Ohook Activation,4eaff0d0-c6cb-4187-94f3-c7656d49a0aa,0016,ExcelR_[HSExcelR],
f.txt,Office/Project Ohook Activation,71dc86ff-f056-40d0-8ffb-9592705c9b76,0016,ExcelVL,
f.txt,Office/Project Ohook Activation,7004b7f0-6407-4f45-8eac-966e5f868bde,00BA,GrooveR,
f.txt,Office/Project Ohook Activation,fdad0dfa-417d-4b4f-93e4-64ea8867b7fd,00BA,GrooveVL,
f.txt,Office/Project Ohook Activation,7b7d1f17-fdcb-4820-9789-9bec6e377821,0013,HomeBusinessR_[HomeBusinessDemoR],
f.txt,Office/Project Ohook Activation,19316117-30a8-4773-8fd9-7f7231f4e060,011E,HomeBusinessSubR,
f.txt,Office/Project Ohook Activation,09e2d37e-474b-4121-8626-58ad9be5776f,002F,HomeStudentR_[HomeStudentDemoR],
f.txt,Office/Project Ohook Activation,ef1da464-01c8-43a6-91af-e4e5713744f9,0044,InfoPathR,
f.txt,Office/Project Ohook Activation,85e22450-b741-430c-a172-a37962c938af,0044,InfoPathVL,
f.txt,Office/Project Ohook Activation,14f5946a-debc-4716-babc-7e2c240fec08,000F,MondoR,
f.txt,Office/Project Ohook Activation,533b656a-4425-480b-8e30-1a2358898350,000F,MondoVL,
f.txt,Office/Project Ohook Activation,c1ceda8b-c578-4d5d-a4aa-23626be4e234,003D,ProfessionalR_[OEM-SingleImage]Exception,
f.txt,Office/Project Ohook Activation,3f7aa693-9a7e-44fc-9309-bb3d8e604925,00A1,OneNoteR_[HSOneNoteR],
f.txt,Office/Project Ohook Activation,6860b31f-6a67-48b8-84b9-e312b3485c4b,00A1,OneNoteVL,
f.txt,Office/Project Ohook Activation,fbf4ac36-31c8-4340-8666-79873129cf40,001A,OutlookR,
f.txt,Office/Project Ohook Activation,a9aeabd8-63b8-4079-a28e-f531807fd6b8,001A,OutlookVL,
f.txt,Office/Project Ohook Activation,acb51361-c0db-4895-9497-1831c41f31a6,0033,"PersonalR_[PersonalDemoR,PersonalPrepaidR]",
f.txt,Office/Project Ohook Activation,133c8359-4e93-4241-8118-30bb18737ea0,0018,PowerPointR_[HSPowerPointR],
f.txt,Office/Project Ohook Activation,38252940-718c-4aa6-81a4-135398e53851,0018,PowerPointVL,
f.txt,Office/Project Ohook Activation,8b559c37-0117-413e-921b-b853aeb6e210,0014,"ProfessionalR_[ProfessionalAcadR,ProfessionalDemoR]",
f.txt,Office/Project Ohook Activation,725714d7-d58f-4d12-9fa8-35873c6f7215,003B,ProjectProR_[ProjectProMSDNR],
f.txt,Office/Project Ohook Activation,4d06f72e-fd50-4bc2-a24b-d448d7f17ef2,011F,ProjectProSubR,
f.txt,Office/Project Ohook Activation,1cf57a59-c532-4e56-9a7d-ffa2fe94b474,003B,ProjectProVL,
f.txt,Office/Project Ohook Activation,688f6589-2bd9-424e-a152-b13f36aa6de1,003A,ProjectStdR,
f.txt,Office/Project Ohook Activation,11b39439-6b93-4642-9570-f2eb81be2238,003A,ProjectStdVL,
f.txt,Office/Project Ohook Activation,71af7e84-93e6-4363-9b69-699e04e74071,0011,"ProPlusR_[ProPlusAcadR,ProPlusMSDNR,Sub4R]",
f.txt,Office/Project Ohook Activation,e98ef0c0-71c4-42ce-8305-287d8721e26c,011D,ProPlusSubR,
f.txt,Office/Project Ohook Activation,fdf3ecb9-b56f-43b2-a9b8-1b48b6bae1a7,0011,ProPlusVL_[ProPlusAcadVL],
f.txt,Office/Project Ohook Activation,98677603-a668-4fa4-9980-3f1f05f78f69,0019,PublisherR,
f.txt,Office/Project Ohook Activation,3d014759-b128-4466-9018-e80f6320d9d0,0019,PublisherVL,
f.txt,Office/Project Ohook Activation,dbe3aee0-5183-4ff7-8142-66050173cb01,008B,SmallBusBasicsR_[SmallBusBasicsMSDNR],
f.txt,Office/Project Ohook Activation,8090771e-d41a-4482-929e-de87f1f47e46,008B,SmallBusBasicsVL,
f.txt,Office/Project Ohook Activation,b78df69e-0966-40b1-ae85-30a5134dedd0,0017,SPDR,
f.txt,Office/Project Ohook Activation,d3422cfb-8d8b-4ead-99f9-eab0ccd990d7,0012,StandardR,
f.txt,Office/Project Ohook Activation,1f76e346-e0be-49bc-9954-70ec53a4fcfe,0012,StandardVL_[StandardAcadVL],
f.txt,Office/Project Ohook Activation,2745e581-565a-4670-ae90-6bf7c57ffe43,0066,StarterR,
f.txt,Office/Project Ohook Activation,66cad568-c2dc-459d-93ec-2f3cb967ee34,0057,"VisioSIR_Prem[Pro,Std]Exception",
f.txt,Office/Project Ohook Activation,36756cb8-8e69-4d11-9522-68899507cd6a,0057,"VisioSIVL_Prem[Pro,Std]Exception",
f.txt,Office/Project Ohook Activation,db3bbc9c-ce52-41d1-a46f-1a1d68059119,001B,WordR_[HSWordR],
f.txt,Office/Project Ohook Activation,98d4050e-9c98-49bf-9be1-85e12eb3ab13,001B,WordVL,
f.txt,Office/Project Ohook Activation,ab4d047b-97cf-4126-a69f-34df08e2f254,0015,AccessRetail,
f.txt,Office/Project Ohook Activation,259de5be-492b-44b3-9d78-9645f848f7b0,001C,AccessRuntimeRetail,
f.txt,Office/Project Ohook Activation,4374022d-56b8-48c1-9bb7-d8f2fc726343,0015,AccessVolume,
f.txt,Office/Project Ohook Activation,1b1d9bd5-12ea-4063-964c-16e7e87d6e08,0016,ExcelRetail,
f.txt,Office/Project Ohook Activation,ac1ae7fd-b949-4e04-a330-849bc40638cf,0016,ExcelVolume,
f.txt,Office/Project Ohook Activation,cfaf5356-49e3-48a8-ab3c-e729ab791250,00BA,GrooveRetail,
f.txt,Office/Project Ohook Activation,4825ac28-ce41-45a7-9e6e-1fed74057601,00BA,GrooveVolume,
f.txt,Office/Project Ohook Activation,c02fb62e-1cd5-4e18-ba25-e0480467ffaa,00E7,HomeBusinessPipcRetail,
f.txt,Office/Project Ohook Activation,cd256150-a898-441f-aac0-9f8f33390e45,0013,HomeBusinessRetail,
f.txt,Office/Project Ohook Activation,1fdfb4e4-f9c9-41c4-b055-c80daf00697d,00CE,HomeStudentARMRetail,
f.txt,Office/Project Ohook Activation,ebef9f05-5273-404a-9253-c5e252f50555,00DA,HomeStudentPlusARMRetail,
f.txt,Office/Project Ohook Activation,98685d21-78bd-4c62-bc4f-653344a63035,002F,HomeStudentRetail,
f.txt,Office/Project Ohook Activation,44984381-406e-4a35-b1c3-e54f499556e2,0044,InfoPathRetail,
f.txt,Office/Project Ohook Activation,9e016989-4007-42a6-8051-64eb97110cf2,0044,InfoPathVolume,
f.txt,Office/Project Ohook Activation,9103f3ce-1084-447a-827e-d6097f68c895,00EA,LyncAcademicRetail,
f.txt,Office/Project Ohook Activation,ff693bf4-0276-4ddb-bb42-74ef1a0c9f4d,012D,LyncEntryRetail,
f.txt,Office/Project Ohook Activation,fada6658-bfc6-4c4e-825a-59a89822cda8,012C,LyncRetail,
f.txt,Office/Project Ohook Activation,e1264e10-afaf-4439-a98b-256df8bb156f,012C,LyncVolume,
f.txt,Office/Project Ohook Activation,3169c8df-f659-4f95-9cc6-3115e6596e83,000F,MondoRetail,
f.txt,Office/Project Ohook Activation,f33485a0-310b-4b72-9a0e-b1d605510dbd,000F,MondoVolume,
f.txt,Office/Project Ohook Activation,3391e125-f6e4-4b1e-899c-a25e6092d40d,00A1,OneNoteFreeRetail,
f.txt,Office/Project Ohook Activation,8b524bcc-67ea-4876-a509-45e46f6347e8,00A1,OneNoteRetail,
f.txt,Office/Project Ohook Activation,b067e965-7521-455b-b9f7-c740204578a2,00A1,OneNoteVolume,
f.txt,Office/Project Ohook Activation,12004b48-e6c8-4ffa-ad5a-ac8d4467765a,001A,OutlookRetail,
f.txt,Office/Project Ohook Activation,8d577c50-ae5e-47fd-a240-24986f73d503,001A,OutlookVolume,
f.txt,Office/Project Ohook Activation,5aab8561-1686-43f7-9ff5-2c861da58d17,00E6,PersonalPipcRetail,
f.txt,Office/Project Ohook Activation,17e9df2d-ed91-4382-904b-4fed6a12caf0,0033,PersonalRetail,
f.txt,Office/Project Ohook Activation,31743b82-bfbc-44b6-aa12-85d42e644d5b,0018,PowerPointRetail,
f.txt,Office/Project Ohook Activation,e40dcb44-1d5c-4085-8e8f-943f33c4f004,0018,PowerPointVolume,
f.txt,Office/Project Ohook Activation,4e26cac1-e15a-4467-9069-cb47b67fe191,00E8,ProfessionalPipcRetail,
f.txt,Office/Project Ohook Activation,44bc70e2-fb83-4b09-9082-e5557e0c2ede,0014,ProfessionalRetail,
f.txt,Office/Project Ohook Activation,f2435de4-5fc0-4e5b-ac97-34f515ec5ee7,003B,ProjectProRetail,
f.txt,Office/Project Ohook Activation,ed34dc89-1c27-4ecd-8b2f-63d0f4cedc32,003B,ProjectProVolume,
f.txt,Office/Project Ohook Activation,5517e6a2-739b-4822-946f-7f0f1c5934b1,003A,ProjectStdRetail,
f.txt,Office/Project Ohook Activation,2b9e4a37-6230-4b42-bee2-e25ce86c8c7a,003A,ProjectStdVolume,
f.txt,Office/Project Ohook Activation,064383fa-1538-491c-859b-0ecab169a0ab,0011,ProPlusRetail,
f.txt,Office/Project Ohook Activation,2b88c4f2-ea8f-43cd-805e-4d41346e18a7,0011,ProPlusVolume,
f.txt,Office/Project Ohook Activation,c3a0814a-70a4-471f-af37-2313a6331111,0019,PublisherRetail,
f.txt,Office/Project Ohook Activation,38ea49f6-ad1d-43f1-9888-99a35d7c9409,0019,PublisherVolume,
f.txt,Office/Project Ohook Activation,ba3e3833-6a7e-445a-89d0-7802a9a68588,0017,SPDRetail,
f.txt,Office/Project Ohook Activation,32255c0a-16b4-4ce2-b388-8a4267e219eb,0012,StandardRetail,
f.txt,Office/Project Ohook Activation,a24cca51-3d54-4c41-8a76-4031f5338cb2,0012,StandardVolume,
f.txt,Office/Project Ohook Activation,15d12ad4-622d-4257-976c-5eb3282fb93d,0051,VisioProRetail,
f.txt,Office/Project Ohook Activation,3e4294dd-a765-49bc-8dbd-cf8b62a4bd3d,0051,VisioProVolume,
f.txt,Office/Project Ohook Activation,dae597ce-5823-4c77-9580-7268b93a4b23,0053,VisioStdRetail,
f.txt,Office/Project Ohook Activation,44a1f6ff-0876-4edb-9169-dbb43101ee89,0053,VisioStdVolume,
f.txt,Office/Project Ohook Activation,191509f2-6977-456f-ab30-cf0492b1e93a,001B,WordRetail,
f.txt,Office/Project Ohook Activation,9cedef15-be37-4ff0-a08a-13a045540641,001B,WordVolume,
f.txt,Office/Project Ohook Activation,befee371-a2f5-4648-85db-a2c55fdf324c,00E9,O365BusinessRetail,
f.txt,Office/Project Ohook Activation,537ea5b5-7d50-4876-bd38-a53a77caca32,00D6,O365HomePremRetail,
f.txt,Office/Project Ohook Activation,149dbce7-a48e-44db-8364-a53386cd4580,00D4,O365ProPlusRetail,
f.txt,Office/Project Ohook Activation,bacd4614-5bef-4a5e-bafc-de4c788037a2,00D5,O365SmallBusPremRetail,
f.txt,Office/Project Ohook Activation,6337137e-7c07-4197-8986-bece6a76fc33,00E9,O365BusinessRetail,
f.txt,Office/Project Ohook Activation,2f5c71b4-5b7a-4005-bb68-f9fac26f2ea3,00D6,O365EduCloudRetail,
f.txt,Office/Project Ohook Activation,537ea5b5-7d50-4876-bd38-a53a77caca32,00D6,O365HomePremRetail,
f.txt,Office/Project Ohook Activation,149dbce7-a48e-44db-8364-a53386cd4580,00D4,O365ProPlusRetail,
f.txt,Office/Project Ohook Activation,bacd4614-5bef-4a5e-bafc-de4c788037a2,00D5,O365SmallBusPremRetail,
f.txt,Office/Project Ohook Activation,bfa358b0-98f1-4125-842e-585fa13032e6,0015,AccessRetail,
f.txt,Office/Project Ohook Activation,9d9faf9e-d345-4b49-afce-68cb0a539c7c,001C,AccessRuntimeRetail,
f.txt,Office/Project Ohook Activation,3b2fa33f-cd5a-43a5-bd95-f49f3f546b0b,0015,AccessVolume,
f.txt,Office/Project Ohook Activation,424d52ff-7ad2-4bc7-8ac6-748d767b455d,0016,ExcelRetail,
f.txt,Office/Project Ohook Activation,685062a7-6024-42e7-8c5f-6bb9e63e697f,0016,ExcelVolume,
f.txt,Office/Project Ohook Activation,c02fb62e-1cd5-4e18-ba25-e0480467ffaa,00E7,HomeBusinessPipcRetail,
f.txt,Office/Project Ohook Activation,86834d00-7896-4a38-8fae-32f20b86fa2b,0013,HomeBusinessRetail,
f.txt,Office/Project Ohook Activation,090896a0-ea98-48ac-b545-ba5da0eb0c9c,00CE,HomeStudentARMRetail,
f.txt,Office/Project Ohook Activation,6bbe2077-01a4-4269-bf15-5bf4d8efc0b2,00DA,HomeStudentPlusARMRetail,
f.txt,Office/Project Ohook Activation,c28acdb8-d8b3-4199-baa4-024d09e97c99,002F,HomeStudentRetail,
f.txt,Office/Project Ohook Activation,e2127526-b60c-43e0-bed1-3c9dc3d5a468,002F,HomeStudentVNextRetail,
f.txt,Office/Project Ohook Activation,b21367df-9545-4f02-9f24-240691da0e58,000F,MondoRetail,
f.txt,Office/Project Ohook Activation,2cd0ea7e-749f-4288-a05e-567c573b2a6c,000F,MondoVolume,
f.txt,Office/Project Ohook Activation,436366de-5579-4f24-96db-3893e4400030,00A3,OneNoteFreeRetail,
f.txt,Office/Project Ohook Activation,83ac4dd9-1b93-40ed-aa55-ede25bb6af38,00A1,OneNoteRetail,
f.txt,Office/Project Ohook Activation,23b672da-a456-4860-a8f3-e062a501d7e8,00A1,OneNoteVolume,
f.txt,Office/Project Ohook Activation,5a670809-0983-4c2d-8aad-d3c2c5b7d5d1,001A,OutlookRetail,
f.txt,Office/Project Ohook Activation,50059979-ac6f-4458-9e79-710bcb41721a,001A,OutlookVolume,
f.txt,Office/Project Ohook Activation,5aab8561-1686-43f7-9ff5-2c861da58d17,00E6,PersonalPipcRetail,
f.txt,Office/Project Ohook Activation,a9f645a1-0d6a-4978-926a-abcb363b72a6,0033,PersonalRetail,
f.txt,Office/Project Ohook Activation,f32d1284-0792-49da-9ac6-deb2bc9c80b6,0018,PowerPointRetail,
f.txt,Office/Project Ohook Activation,9b4060c9-a7f5-4a66-b732-faf248b7240f,0018,PowerPointVolume,
f.txt,Office/Project Ohook Activation,4e26cac1-e15a-4467-9069-cb47b67fe191,00E8,ProfessionalPipcRetail,
f.txt,Office/Project Ohook Activation,d64edc00-7453-4301-8428-197343fafb16,0014,ProfessionalRetail,
f.txt,Office/Project Ohook Activation,0f42f316-00b1-48c5-ada4-2f52b5720ad0,003B,ProjectProRetail,
f.txt,Office/Project Ohook Activation,82f502b5-b0b0-4349-bd2c-c560df85b248,003B,ProjectProVolume,
f.txt,Office/Project Ohook Activation,16728639-a9ab-4994-b6d8-f81051e69833,003B,ProjectProXVolume,
f.txt,Office/Project Ohook Activation,e9f0b3fc-962f-4944-ad06-05c10b6bcd5e,003A,ProjectStdRetail,
f.txt,Office/Project Ohook Activation,82e6b314-2a62-4e51-9220-61358dd230e6,003A,ProjectStdVolume,
f.txt,Office/Project Ohook Activation,431058f0-c059-44c5-b9e7-ed2dd46b6789,003A,ProjectStdXVolume,
f.txt,Office/Project Ohook Activation,de52bd50-9564-4adc-8fcb-a345c17f84f9,0011,ProPlusRetail,
f.txt,Office/Project Ohook Activation,c47456e3-265d-47b6-8ca0-c30abbd0ca36,0011,ProPlusVolume,
f.txt,Office/Project Ohook Activation,6e0c1d99-c72e-4968-bcb7-ab79e03e201e,0019,PublisherRetail,
f.txt,Office/Project Ohook Activation,fcc1757b-5d5f-486a-87cf-c4d6dedb6032,0019,PublisherVolume,
f.txt,Office/Project Ohook Activation,971cd368-f2e1-49c1-aedd-330909ce18b6,012D,SkypeforBusinessEntryRetail,
f.txt,Office/Project Ohook Activation,418d2b9f-b491-4d7f-84f1-49e27cc66597,012C,SkypeforBusinessRetail,
f.txt,Office/Project Ohook Activation,03ca3b9a-0869-4749-8988-3cbc9d9f51bb,012C,SkypeforBusinessVolume,
f.txt,Office/Project Ohook Activation,9103f3ce-1084-447a-827e-d6097f68c895,012C,SkypeServiceBypassRetail,
f.txt,Office/Project Ohook Activation,4a31c291-3a12-4c64-b8ab-cd79212be45e,0012,StandardRetail,
f.txt,Office/Project Ohook Activation,0ed94aac-2234-4309-ba29-74bdbb887083,0012,StandardVolume,
f.txt,Office/Project Ohook Activation,2dfe2075-2d04-4e43-816a-eb60bbb77574,0051,VisioProRetail,
f.txt,Office/Project Ohook Activation,295b2c03-4b1c-4221-b292-1411f468bd02,0051,VisioProVolume,
f.txt,Office/Project Ohook Activation,0594dc12-8444-4912-936a-747ca742dbdb,0051,VisioProXVolume,
f.txt,Office/Project Ohook Activation,c76dbcbc-d71b-4f45-b5b3-b7494cb4e23e,0053,VisioStdRetail,
f.txt,Office/Project Ohook Activation,44151c2d-c398-471f-946f-7660542e3369,0053,VisioStdVolume,
f.txt,Office/Project Ohook Activation,1d1c6879-39a3-47a5-9a6d-aceefa6a289d,0053,VisioStdXVolume,
f.txt,Office/Project Ohook Activation,cacaa1bf-da53-4c3b-9700-11738ef1c2a5,001B,WordRetail,
f.txt,Office/Project Ohook Activation,c3000759-551f-4f4a-bcac-a4b42cbf1de2,001B,WordVolume,
r.txt,Windows KMS Activation,4d463c2c-0505-4626-8cdb-a4da82e2d8ed,0015,AccessR,
r.txt,Windows KMS Activation,745fb377-0a59-4ca9-b9a9-c359557a2c4e,001C,AccessRuntimeR,
r.txt,Windows KMS Activation,95ab3ec8-4106-4f9d-b632-03c019d1d23f,0015,AccessVL,
r.txt,Windows KMS Activation,4eaff0d0-c6cb-4187-94f3-c7656d49a0aa,0016,ExcelR_[HSExcelR],
r.txt,Windows KMS Activation,71dc86ff-f056-40d0-8ffb-9592705c9b76,0016,ExcelVL,
r.txt,Windows KMS Activation,7004b7f0-6407-4f45-8eac-966e5f868bde,00BA,GrooveR,
r.txt,Windows KMS Activation,fdad0dfa-417d-4b4f-93e4-64ea8867b7fd,00BA,GrooveVL,
r.txt,Windows KMS Activation,7b7d1f17-fdcb-4820-9789-9bec6e377821,0013,HomeBusinessR_[HomeBusinessDemoR],
r.txt,Windows KMS Activation,19316117-30a8-4773-8fd9-7f7231f4e060,011E,HomeBusinessSubR,
r.txt,Windows KMS Activation,09e2d37e-474b-4121-8626-58ad9be5776f,002F,HomeStudentR_[HomeStudentDemoR],
r.txt,Windows KMS Activation,ef1da464-01c8-43a6-91af-e4e5713744f9,0044,InfoPathR,
r.txt,Windows KMS Activation,85e22450-b741-430c-a172-a37962c938af,0044,InfoPathVL,
r.txt,Windows KMS Activation,14f5946a-debc-4716-babc-7e2c240fec08,000F,MondoR,
r.txt,Windows KMS Activation,533b656a-4425-480b-8e30-1a2358898350,000F,MondoVL,
r.txt,Windows KMS Activation,c1ceda8b-c578-4d5d-a4aa-23626be4e234,003D,ProfessionalR_[OEM-SingleImage]Exception,
r.txt,Windows KMS Activation,3f7aa693-9a7e-44fc-9309-bb3d8e604925,00A1,OneNoteR_[HSOneNoteR],
r.txt,Windows KMS Activation,6860b31f-6a67-48b8-84b9-e312b3485c4b,00A1,OneNoteVL,
r.txt,Windows KMS Activation,fbf4ac36-31c8-4340-8666-79873129cf40,001A,OutlookR,
r.txt,Windows KMS Activation,a9aeabd8-63b8-4079-a28e-f531807fd6b8,001A,OutlookVL,
r.txt,Windows KMS Activation,acb51361-c0db-4895-9497-1831c41f31a6,0033,"PersonalR_[PersonalDemoR,PersonalPrepaidR]",
r.txt,Windows KMS Activation,133c8359-4e93-4241-8118-30bb18737ea0,0018,PowerPointR_[HSPowerPointR],
r.txt,Windows KMS Activation,38252940-718c-4aa6-81a4-135398e53851,0018,PowerPointVL,
r.txt,Windows KMS Activation,8b559c37-0117-413e-921b-b853aeb6e210,0014,"ProfessionalR_[ProfessionalAcadR,ProfessionalDemoR]",
r.txt,Windows KMS Activation,725714d7-d58f-4d12-9fa8-35873c6f7215,003B,ProjectProR_[ProjectProMSDNR],
r.txt,Windows KMS Activation,4d06f72e-fd50-4bc2-a24b-d448d7f17ef2,011F,ProjectProSubR,
r.txt,Windows KMS Activation,1cf57a59-c532-4e56-9a7d-ffa2fe94b474,003B,ProjectProVL,
r.txt,Windows KMS Activation,688f6589-2bd9-424e-a152-b13f36aa6de1,003A,ProjectStdR,
r.txt,Windows KMS Activation,11b39439-6b93-4642-9570-f2eb81be2238,003A,ProjectStdVL,
r.txt,Windows KMS Activation,71af7e84-93e6-4363-9b69-699e04e74071,0011,"ProPlusR_[ProPlusAcadR,ProPlusMSDNR,Sub4R]",
r.txt,Windows KMS Activation,e98ef0c0-71c4-42ce-8305-287d8721e26c,011D,ProPlusSubR,
r.txt,Windows KMS Activation,fdf3ecb9-b56f-43b2-a9b8-1b48b6bae1a7,0011,ProPlusVL_[ProPlusAcadVL],
r.txt,Windows KMS Activation,98677603-a668-4fa4-9980-3f1f05f78f69,0019,PublisherR,
r.txt,Windows KMS Activation,3d014759-b128-4466-9018-e80f6320d9d0,0019,PublisherVL,
r.txt,Windows KMS Activation,dbe3aee0-5183-4ff7-8142-66050173cb01,008B,SmallBusBasicsR_[SmallBusBasicsMSDNR],
r.txt,Windows KMS Activation,8090771e-d41a-4482-929e-de87f1f47e46,008B,SmallBusBasicsVL,
r.txt,Windows KMS Activation,b78df69e-0966-40b1-ae85-30a5134dedd0,0017,SPDR,
r.txt,Windows KMS Activation,d3422cfb-8d8b-4ead-99f9-eab0ccd990d7,0012,StandardR,
r.txt,Windows KMS Activation,1f76e346-e0be-49bc-9954-70ec53a4fcfe,0012,StandardVL_[StandardAcadVL],
r.txt,Windows KMS Activation,2745e581-565a-4670-ae90-6bf7c57ffe43,0066,StarterR,
r.txt,Windows KMS Activation,66cad568-c2dc-459d-93ec-2f3cb967ee34,0057,"VisioSIR_Prem[Pro,Std]Exception",
r.txt,Windows KMS Activation,36756cb8-8e69-4d11-9522-68899507cd6a,0057,"VisioSIVL_Prem[Pro,Std]Exception",
r.txt,Windows KMS Activation,db3bbc9c-ce52-41d1-a46f-1a1d68059119,001B,WordR_[HSWordR],
r.txt,Windows KMS Activation,98d4050e-9c98-49bf-9be1-85e12eb3ab13,001B,WordVL,
r.txt,Windows KMS Activation,ab4d047b-97cf-4126-a69f-34df08e2f254,0015,AccessRetail,
r.txt,Windows KMS Activation,259de5be-492b-44b3-9d78-9645f848f7b0,001C,AccessRuntimeRetail,
r.txt,Windows KMS Activation,4374022d-56b8-48c1-9bb7-d8f2fc726343,0015,AccessVolume,
r.txt,Windows KMS Activation,1b1d9bd5-12ea-4063-964c-16e7e87d6e08,0016,ExcelRetail,
r.txt,Windows KMS Activation,ac1ae7fd-b949-4e04-a330-849bc40638cf,0016,ExcelVolume,
r.txt,Windows KMS Activation,cfaf5356-49e3-48a8-ab3c-e729ab791250,00BA,GrooveRetail,
r.txt,Windows KMS Activation,4825ac28-ce41-45a7-9e6e-1fed74057601,00BA,GrooveVolume,
r.txt,Windows KMS Activation,c02fb62e-1cd5-4e18-ba25-e0480467ffaa,00E7,HomeBusinessPipcRetail,
r.txt,Windows KMS Activation,cd256150-a898-441f-aac0-9f8f33390e45,0013,HomeBusinessRetail,
r.txt,Windows KMS Activation,1fdfb4e4-f9c9-41c4-b055-c80daf00697d,00CE,HomeStudentARMRetail,
r.txt,Windows KMS Activation,ebef9f05-5273-404a-9253-c5e252f50555,00DA,HomeStudentPlusARMRetail,
r.txt,Windows KMS Activation,98685d21-78bd-4c62-bc4f-653344a63035,002F,HomeStudentRetail,
r.txt,Windows KMS Activation,44984381-406e-4a35-b1c3-e54f499556e2,0044,InfoPathRetail,
r.txt,Windows KMS Activation,9e016989-4007-42a6-8051-64eb97110cf2,0044,InfoPathVolume,
r.txt,Windows KMS Activation,9103f3ce-1084-447a-827e-d6097f68c895,00EA,LyncAcademicRetail,
r.txt,Windows KMS Activation,ff693bf4-0276-4ddb-bb42-74ef1a0c9f4d,012D,LyncEntryRetail,
r.txt,Windows KMS Activation,fada6658-bfc6-4c4e-825a-59a89822cda8,012C,LyncRetail,
r.txt,Windows KMS Activation,e1264e10-afaf-4439-a98b-256df8bb156f,012C,LyncVolume,
r.txt,Windows KMS Activation,3169c8df-f659-4f95-9cc6-3115e6596e83,000F,MondoRetail,
r.txt,Windows KMS Activation,f33485a0-310b-4b72-9a0e-b1d605510dbd,000F,MondoVolume,
r.txt,Windows KMS Activation,3391e125-f6e4-4b1e-899c-a25e6092d40d,00A1,OneNoteFreeRetail,
r.txt,Windows KMS Activation,8b524bcc-67ea-4876-a509-45e46f6347e8,00A1,OneNoteRetail,
r.txt,Windows KMS Activation,b067e965-7521-455b-b9f7-c740204578a2,00A1,OneNoteVolume,
r.txt,Windows KMS Activation,12004b48-e6c8-4ffa-ad5a-ac8d4467765a,001A,OutlookRetail,
r.txt,Windows KMS Activation,8d577c50-ae5e-47fd-a240-24986f73d503,001A,OutlookVolume,
r.txt,Windows KMS Activation,5aab8561-1686-43f7-9ff5-2c861da58d17,00E6,PersonalPipcRetail,
r.txt,Windows KMS Activation,17e9df2d-ed91-4382-904b-4fed6a12caf0,0033,PersonalRetail,
r.txt,Windows KMS Activation,31743b82-bfbc-44b6-aa12-85d42e644d5b,0018,PowerPointRetail,
r.txt,Windows KMS Activation,e40dcb44-1d5c-4085-8e8f-943f33c4f004,0018,PowerPointVolume,
r.txt,Windows KMS Activation,4e26cac1-e15a-4467-9069-cb47b67fe191,00E8,ProfessionalPipcRetail,
r.txt,Windows KMS Activation,44bc70e2-fb83-4b09-9082-e5557e0c2ede,0014,ProfessionalRetail,
r.txt,Windows KMS Activation,f2435de4-5fc0-4e5b-ac97-34f515ec5ee7,003B,ProjectProRetail,
r.txt,Windows KMS Activation,ed34dc89-1c27-4ecd-8b2f-63d0f4cedc32,003B,ProjectProVolume,
r.txt,Windows KMS Activation,5517e6a2-739b-4822-946f-7f0f1c5934b1,003A,ProjectStdRetail,
r.txt,Windows KMS Activation,2b9e4a37-6230-4b42-bee2-e25ce86c8c7a,003A,ProjectStdVolume,
r.txt,Windows KMS Activation,064383fa-1538-491c-859b-0ecab169a0ab,0011,ProPlusRetail,
r.txt,Windows KMS Activation,2b88c4f2-ea8f-43cd-805e-4d41346e18a7,0011,ProPlusVolume,
r.txt,Windows KMS Activation,c3a0814a-70a4-471f-af37-2313a6331111,0019,PublisherRetail,
r.txt,Windows KMS Activation,38ea49f6-ad1d-43f1-9888-99a35d7c9409,0019,PublisherVolume,
r.txt,Windows KMS Activation,ba3e3833-6a7e-445a-89d0-7802a9a68588,0017,SPDRetail,
r.txt,Windows KMS Activation,32255c0a-16b4-4ce2-b388-8a4267e219eb,0012,StandardRetail,
r.txt,Windows KMS Activation,a24cca51-3d54-4c41-8a76-4031f5338cb2,0012,StandardVolume,
r.txt,Windows KMS Activation,15d12ad4-622d-4257-976c-5eb3282fb93d,0051,VisioProRetail,
r.txt,Windows KMS Activation,3e4294dd-a765-49bc-8dbd-cf8b62a4bd3d,0051,VisioProVolume,
r.txt,Windows KMS Activation,dae597ce-5823-4c77-9580-7268b93a4b23,0053,VisioStdRetail,
r.txt,Windows KMS Activation,44a1f6ff-0876-4edb-9169-dbb43101ee89,0053,VisioStdVolume,
r.txt,Windows KMS Activation,191509f2-6977-456f-ab30-cf0492b1e93a,001B,WordRetail,
r.txt,Windows KMS Activation,9cedef15-be37-4ff0-a08a-13a045540641,001B,WordVolume,
r.txt,Windows KMS Activation,befee371-a2f5-4648-85db-a2c55fdf324c,00E9,O365BusinessRetail,
r.txt,Windows KMS Activation,537ea5b5-7d50-4876-bd38-a53a77caca32,00D6,O365HomePremRetail,
r.txt,Windows KMS Activation,149dbce7-a48e-44db-8364-a53386cd4580,00D4,O365ProPlusRetail,
r.txt,Windows KMS Activation,bacd4614-5bef-4a5e-bafc-de4c788037a2,00D5,O365SmallBusPremRetail,
r.txt,Windows KMS Activation,6337137e-7c07-4197-8986-bece6a76fc33,00E9,O365BusinessRetail,
r.txt,Windows KMS Activation,2f5c71b4-5b7a-4005-bb68-f9fac26f2ea3,00D6,O365EduCloudRetail,
r.txt,Windows KMS Activation,537ea5b5-7d50-4876-bd38-a53a77caca32,00D6,O365HomePremRetail,
r.txt,Windows KMS Activation,149dbce7-a48e-44db-8364-a53386cd4580,00D4,O365ProPlusRetail,
r.txt,Windows KMS Activation,bacd4614-5bef-4a5e-bafc-de4c788037a2,00D5,O365SmallBusPremRetail,
r.txt,Windows KMS Activation,bfa358b0-98f1-4125-842e-585fa13032e6,0015,AccessRetail,
r.txt,Windows KMS Activation,9d9faf9e-d345-4b49-afce-68cb0a539c7c,001C,AccessRuntimeRetail,
r.txt,Windows KMS Activation,3b2fa33f-cd5a-43a5-bd95-f49f3f546b0b,0015,AccessVolume,
r.txt,Windows KMS Activation,424d52ff-7ad2-4bc7-8ac6-748d767b455d,0016,ExcelRetail,
r.txt,Windows KMS Activation,685062a7-6024-42e7-8c5f-6bb9e63e697f,0016,ExcelVolume,
r.txt,Windows KMS Activation,c02fb62e-1cd5-4e18-ba25-e0480467ffaa,00E7,HomeBusinessPipcRetail,
r.txt,Windows KMS Activation,86834d00-7896-4a38-8fae-32f20b86fa2b,0013,HomeBusinessRetail,
r.txt,Windows KMS Activation,090896a0-ea98-48ac-b545-ba5da0eb0c9c,00CE,HomeStudentARMRetail,
r.txt,Windows KMS Activation,6bbe2077-01a4-4269-bf15-5bf4d8efc0b2,00DA,HomeStudentPlusARMRetail,
r.txt,Windows KMS Activation,c28acdb8-d8b3-4199-baa4-024d09e97c99,002F,HomeStudentRetail,
r.txt,Windows KMS Activation,e2127526-b60c-43e0-bed1-3c9dc3d5a468,002F,HomeStudentVNextRetail,
r.txt,Windows KMS Activation,b21367df-9545-4f02-9f24-240691da0e58,000F,MondoRetail,
r.txt,Windows KMS Activation,2cd0ea7e-749f-4288-a05e-567c573b2a6c,000F,MondoVolume,
r.txt,Windows KMS Activation,436366de-5579-4f24-96db-3893e4400030,00A3,OneNoteFreeRetail,
r.txt,Windows KMS Activation,83ac4dd9-1b93-40ed-aa55-ede25bb6af38,00A1,OneNoteRetail,
r.txt,Windows KMS Activation,23b672da-a456-4860-a8f3-e062a501d7e8,00A1,OneNoteVolume,
r.txt,Windows KMS Activation,5a670809-0983-4c2d-8aad-d3c2c5b7d5d1,001A,OutlookRetail,
r.txt,Windows KMS Activation,50059979-ac6f-4458-9e79-710bcb41721a,001A,OutlookVolume,
r.txt,Windows KMS Activation,5aab8561-1686-43f7-9ff5-2c861da58d17,00E6,PersonalPipcRetail,
r.txt,Windows KMS Activation,a9f645a1-0d6a-4978-926a-abcb363b72a6,0033,PersonalRetail,
r.txt,Windows KMS Activation,f32d1284-0792-49da-9ac6-deb2bc9c80b6,0018,PowerPointRetail,
r.txt,Windows KMS Activation,9b4060c9-a7f5-4a66-b732-faf248b7240f,0018,PowerPointVolume,
r.txt,Windows KMS Activation,4e26cac1-e15a-4467-9069-cb47b67fe191,00E8,ProfessionalPipcRetail,
r.txt,Windows KMS Activation,d64edc00-7453-4301-8428-197343fafb16,0014,ProfessionalRetail,
r.txt,Windows KMS Activation,0f42f316-00b1-48c5-ada4-2f52b5720ad0,003B,ProjectProRetail,
r.txt,Windows KMS Activation,82f502b5-b0b0-4349-bd2c-c560df85b248,003B,ProjectProVolume,
r.txt,Windows KMS Activation,16728639-a9ab-4994-b6d8-f81051e69833,003B,ProjectProXVolume,
r.txt,Windows KMS Activation,e9f0b3fc-962f-4944-ad06-05c10b6bcd5e,003A,ProjectStdRetail,
r.txt,Windows KMS Activation,82e6b314-2a62-4e51-9220-61358dd230e6,003A,ProjectStdVolume,
r.txt,Windows KMS Activation,431058f0-c059-44c5-b9e7-ed2dd46b6789,003A,ProjectStdXVolume,
r.txt,Windows KMS Activation,de52bd50-9564-4adc-8fcb-a345c17f84f9,0011,ProPlusRetail,
r.txt,Windows KMS Activation,c47456e3-265d-47b6-8ca0-c30abbd0ca36,0011,ProPlusVolume,
r.txt,Windows KMS Activation,6e0c1d99-c72e-4968-bcb7-ab79e03e201e,0019,PublisherRetail,
r.txt,Windows KMS Activation,fcc1757b-5d5f-486a-87cf-c4d6dedb6032,0019,PublisherVolume,
r.txt,Windows KMS Activation,971cd368-f2e1-49c1-aedd-330909ce18b6,012D,SkypeforBusinessEntryRetail,
r.txt,Windows KMS Activation,418d2b9f-b491-4d7f-84f1-49e27cc66597,012C,SkypeforBusinessRetail,
r.txt,Windows KMS Activation,03ca3b9a-0869-4749-8988-3cbc9d9f51bb,012C,SkypeforBusinessVolume,
r.txt,Windows KMS Activation,9103f3ce-1084-447a-827e-d6097f68c895,012C,SkypeServiceBypassRetail,
r.txt,Windows KMS Activation,4a31c291-3a12-4c64-b8ab-cd79212be45e,0012,StandardRetail,
r.txt,Windows KMS Activation,0ed94aac-2234-4309-ba29-74bdbb887083,0012,StandardVolume,
r.txt,Windows KMS Activation,2dfe2075-2d04-4e43-816a-eb60bbb77574,0051,VisioProRetail,
r.txt,Windows KMS Activation,295b2c03-4b1c-4221-b292-1411f468bd02,0051,VisioProVolume,
r.txt,Windows KMS Activation,0594dc12-8444-4912-936a-747ca742dbdb,0051,VisioProXVolume,
r.txt,Windows KMS Activation,c76dbcbc-d71b-4f45-b5b3-b7494cb4e23e,0053,VisioStdRetail,
r.txt,Windows KMS Activation,44151c2d-c398-471f-946f-7660542e3369,0053,VisioStdVolume,
r.txt,Windows KMS Activation,1d1c6879-39a3-47a5-9a6d-aceefa6a289d,0053,VisioStdXVolume,
r.txt,Windows KMS Activation,cacaa1bf-da53-4c3b-9700-11738ef1c2a5,001B,WordRetail,
r.txt,Windows KMS Activation,c3000759-551f-4f4a-bcac-a4b42cbf1de2,001B,WordVolume,
v.txt,Windows Z-Method Activation,4d463c2c-0505-4626-8cdb-a4da82e2d8ed,0015,AccessR,
v.txt,Windows Z-Method Activation,745fb377-0a59-4ca9-b9a9-c359557a2c4e,001C,AccessRuntimeR,
v.txt,Windows Z-Method Activation,95ab3ec8-4106-4f9d-b632-03c019d1d23f,0015,AccessVL,
v.txt,Windows Z-Method Activation,4eaff0d0-c6cb-4187-94f3-c7656d49a0aa,0016,ExcelR_[HSExcelR],
v.txt,Windows Z-Method Activation,71dc86ff-f056-40d0-8ffb-9592705c9b76,0016,ExcelVL,
v.txt,Windows Z-Method Activation,7004b7f0-6407-4f45-8eac-966e5f868bde,00BA,GrooveR,
v.txt,Windows Z-Method Activation,fdad0dfa-417d-4b4f-93e4-64ea8867b7fd,00BA,GrooveVL,
v.txt,Windows Z-Method Activation,7b7d1f17-fdcb-4820-9789-9bec6e377821,0013,HomeBusinessR_[HomeBusinessDemoR],
v.txt,Windows Z-Method Activation,19316117-30a8-4773-8fd9-7f7231f4e060,011E,HomeBusinessSubR,
v.txt,Windows Z-Method Activation,09e2d37e-474b-4121-8626-58ad9be5776f,002F,HomeStudentR_[HomeStudentDemoR],
v.txt,Windows Z-Method Activation,ef1da464-01c8-43a6-91af-e4e5713744f9,0044,InfoPathR,
v.txt,Windows Z-Method Activation,85e22450-b741-430c-a172-a37962c938af,0044,InfoPathVL,
v.txt,Windows Z-Method Activation,14f5946a-debc-4716-babc-7e2c240fec08,000F,MondoR,
v.txt,Windows Z-Method Activation,533b656a-4425-480b-8e30-1a2358898350,000F,MondoVL,
v.txt,Windows Z-Method Activation,c1ceda8b-c578-4d5d-a4aa-23626be4e234,003D,ProfessionalR_[OEM-SingleImage]Exception,
v.txt,Windows Z-Method Activation,3f7aa693-9a7e-44fc-9309-bb3d8e604925,00A1,OneNoteR_[HSOneNoteR],
v.txt,Windows Z-Method Activation,6860b31f-6a67-48b8-84b9-e312b3485c4b,00A1,OneNoteVL,
v.txt,Windows Z-Method Activation,fbf4ac36-31c8-4340-8666-79873129cf40,001A,OutlookR,
v.txt,Windows Z-Method Activation,a9aeabd8-63b8-4079-a28e-f531807fd6b8,001A,OutlookVL,
v.txt,Windows Z-Method Activation,acb51361-c0db-4895-9497-1831c41f31a6,0033,"PersonalR_[PersonalDemoR,PersonalPrepaidR]",
v.txt,Windows Z-Method Activation,133c8359-4e93-4241-8118-30bb18737ea0,0018,PowerPointR_[HSPowerPointR],
v.txt,Windows Z-Method Activation,38252940-718c-4aa6-81a4-135398e53851,0018,PowerPointVL,
v.txt,Windows Z-Method Activation,8b559c37-0117-413e-921b-b853aeb6e210,0014,"ProfessionalR_[ProfessionalAcadR,ProfessionalDemoR]",
v.txt,Windows Z-Method Activation,725714d7-d58f-4d12-9fa8-35873c6f7215,003B,ProjectProR_[ProjectProMSDNR],
v.txt,Windows Z-Method Activation,4d06f72e-fd50-4bc2-a24b-d448d7f17ef2,011F,ProjectProSubR,
v.txt,Windows Z-Method Activation,1cf57a59-c532-4e56-9a7d-ffa2fe94b474,003B,ProjectProVL,
v.txt,Windows Z-Method Activation,688f6589-2bd9-424e-a152-b13f36aa6de1,003A,ProjectStdR,
v.txt,Windows Z-Method Activation,11b39439-6b93-4642-9570-f2eb81be2238,003A,ProjectStdVL,
v.txt,Windows Z-Method Activation,71af7e84-93e6-4363-9b69-699e04e74071,0011,"ProPlusR_[ProPlusAcadR,ProPlusMSDNR,Sub4R]",
v.txt,Windows Z-Method Activation,e98ef0c0-71c4-42ce-8305-287d8721e26c,011D,ProPlusSubR,
v.txt,Windows Z-Method Activation,fdf3ecb9-b56f-43b2-a9b8-1b48b6bae1a7,0011,ProPlusVL_[ProPlusAcadVL],
v.txt,Windows Z-Method Activation,98677603-a668-4fa4-9980-3f1f05f78f69,0019,PublisherR,
v.txt,Windows Z-Method Activation,3d014759-b128-4466-9018-e80f6320d9d0,0019,PublisherVL,
v.txt,Windows Z-Method Activation,dbe3aee0-5183-4ff7-8142-66050173cb01,008B,SmallBusBasicsR_[SmallBusBasicsMSDNR],
v.txt,Windows Z-Method Activation,8090771e-d41a-4482-929e-de87f1f47e46,008B,SmallBusBasicsVL,
v.txt,Windows Z-Method Activation,b78df69e-0966-40b1-ae85-30a5134dedd0,0017,SPDR,
v.txt,Windows Z-Method Activation,d3422cfb-8d8b-4ead-99f9-eab0ccd990d7,0012,StandardR,
v.txt,Windows Z-Method Activation,1f76e346-e0be-49bc-9954-70ec53a4fcfe,0012,StandardVL_[StandardAcadVL],
v.txt,Windows Z-Method Activation,2745e581-565a-4670-ae90-6bf7c57ffe43,0066,StarterR,
v.txt,Windows Z-Method Activation,66cad568-c2dc-459d-93ec-2f3cb967ee34,0057,"VisioSIR_Prem[Pro,Std]Exception",
v.txt,Windows Z-Method Activation,36756cb8-8e69-4d11-9522-68899507cd6a,0057,"VisioSIVL_Prem[Pro,Std]Exception",
v.txt,Windows Z-Method Activation,db3bbc9c-ce52-41d1-a46f-1a1d68059119,001B,WordR_[HSWordR],
v.txt,Windows Z-Method Activation,98d4050e-9c98-49bf-9be1-85e12eb3ab13,001B,WordVL,
v.txt,Windows Z-Method Activation,ab4d047b-97cf-4126-a69f-34df08e2f254,0015,AccessRetail,
v.txt,Windows Z-Method Activation,259de5be-492b-44b3-9d78-9645f848f7b0,001C,AccessRuntimeRetail,
v.txt,Windows Z-Method Activation,4374022d-56b8-48c1-9bb7-d8f2fc726343,0015,AccessVolume,
v.txt,Windows Z-Method Activation,1b1d9bd5-12ea-4063-964c-16e7e87d6e08,0016,ExcelRetail,
v.txt,Windows Z-Method Activation,ac1ae7fd-b949-4e04-a330-849bc40638cf,0016,ExcelVolume,
v.txt,Windows Z-Method Activation,cfaf5356-49e3-48a8-ab3c-e729ab791250,00BA,GrooveRetail,
v.txt,Windows Z-Method Activation,4825ac28-ce41-45a7-9e6e-1fed74057601,00BA,GrooveVolume,
v.txt,Windows Z-Method Activation,c02fb62e-1cd5-4e18-ba25-e0480467ffaa,00E7,HomeBusinessPipcRetail,
v.txt,Windows Z-Method Activation,cd256150-a898-441f-aac0-9f8f33390e45,0013,HomeBusinessRetail,
v.txt,Windows Z-Method Activation,1fdfb4e4-f9c9-41c4-b055-c80daf00697d,00CE,HomeStudentARMRetail,
v.txt,Windows Z-Method Activation,ebef9f05-5273-404a-9253-c5e252f50555,00DA,HomeStudentPlusARMRetail,
v.txt,Windows Z-Method Activation,98685d21-78bd-4c62-bc4f-653344a63035,002F,HomeStudentRetail,
v.txt,Windows Z-Method Activation,44984381-406e-4a35-b1c3-e54f499556e2,0044,InfoPathRetail,
v.txt,Windows Z-Method Activation,9e016989-4007-42a6-8051-64eb97110cf2,0044,InfoPathVolume,
v.txt,Windows Z-Method Activation,9103f3ce-1084-447a-827e-d6097f68c895,00EA,LyncAcademicRetail,
v.txt,Windows Z-Method Activation,ff693bf4-0276-4ddb-bb42-74ef1a0c9f4d,012D,LyncEntryRetail,
v.txt,Windows Z-Method Activation,fada6658-bfc6-4c4e-825a-59a89822cda8,012C,LyncRetail,
v.txt,Windows Z-Method Activation,e1264e10-afaf-4439-a98b-256df8bb156f,012C,LyncVolume,
v.txt,Windows Z-Method Activation,3169c8df-f659-4f95-9cc6-3115e6596e83,000F,MondoRetail,
v.txt,Windows Z-Method Activation,f33485a0-310b-4b72-9a0e-b1d605510dbd,000F,MondoVolume,
v.txt,Windows Z-Method Activation,3391e125-f6e4-4b1e-899c-a25e6092d40d,00A1,OneNoteFreeRetail,
v.txt,Windows Z-Method Activation,8b524bcc-67ea-4876-a509-45e46f6347e8,00A1,OneNoteRetail,
v.txt,Windows Z-Method Activation,b067e965-7521-455b-b9f7-c740204578a2,00A1,OneNoteVolume,
v.txt,Windows Z-Method Activation,12004b48-e6c8-4ffa-ad5a-ac8d4467765a,001A,OutlookRetail,
v.txt,Windows Z-Method Activation,8d577c50-ae5e-47fd-a240-24986f73d503,001A,OutlookVolume,
v.txt,Windows Z-Method Activation,5aab8561-1686-43f7-9ff5-2c861da58d17,00E6,PersonalPipcRetail,
v.txt,Windows Z-Method Activation,17e9df2d-ed91-4382-904b-4fed6a12caf0,0033,PersonalRetail,
v.txt,Windows Z-Method Activation,31743b82-bfbc-44b6-aa12-85d42e644d5b,0018,PowerPointRetail,
v.txt,Windows Z-Method Activation,e40dcb44-1d5c-4085-8e8f-943f33c4f004,0018,PowerPointVolume,
v.txt,Windows Z-Method Activation,4e26cac1-e15a-4467-9069-cb47b67fe191,00E8,ProfessionalPipcRetail,
v.txt,Windows Z-Method Activation,44bc70e2-fb83-4b09-9082-e5557e0c2ede,0014,ProfessionalRetail,
v.txt,Windows Z-Method Activation,f2435de4-5fc0-4e5b-ac97-34f515ec5ee7,003B,ProjectProRetail,
v.txt,Windows Z-Method Activation,ed34dc89-1c27-4ecd-8b2f-63d0f4cedc32,003B,ProjectProVolume,
v.txt,Windows Z-Method Activation,5517e6a2-739b-4822-946f-7f0f1c5934b1,003A,ProjectStdRetail,
v.txt,Windows Z-Method Activation,2b9e4a37-6230-4b42-bee2-e25ce86c8c7a,003A,ProjectStdVolume,
v.txt,Windows Z-Method Activation,064383fa-1538-491c-859b-0ecab169a0ab,0011,ProPlusRetail,
v.txt,Windows Z-Method Activation,2b88c4f2-ea8f-43cd-805e-4d41346e18a7,0011,ProPlusVolume,
v.txt,Windows Z-Method Activation,c3a0814a-70a4-471f-af37-2313a6331111,0019,PublisherRetail,
v.txt,Windows Z-Method Activation,38ea49f6-ad1d-43f1-9888-99a35d7c9409,0019,PublisherVolume,
v.txt,Windows Z-Method Activation,ba3e3833-6a7e-445a-89d0-7802a9a68588,0017,SPDRetail,
v.txt,Windows Z-Method Activation,32255c0a-16b4-4ce2-b388-8a4267e219eb,0012,StandardRetail,
v.txt,Windows Z-Method Activation,a24cca51-3d54-4c41-8a76-4031f5338cb2,0012,StandardVolume,
v.txt,Windows Z-Method Activation,15d12ad4-622d-4257-976c-5eb3282fb93d,0051,VisioProRetail,
v.txt,Windows Z-Method Activation,3e4294dd-a765-49bc-8dbd-cf8b62a4bd3d,0051,VisioProVolume,
v.txt,Windows Z-Method Activation,dae597ce-5823-4c77-9580-7268b93a4b23,0053,VisioStdRetail,
v.txt,Windows Z-Method Activation,44a1f6ff-0876-4edb-9169-dbb43101ee89,0053,VisioStdVolume,
v.txt,Windows Z-Method Activation,191509f2-6977-456f-ab30-cf0492b1e93a,001B,WordRetail,
v.txt,Windows Z-Method Activation,9cedef15-be37-4ff0-a08a-13a045540641,001B,WordVolume,
v.txt,Windows Z-Method Activation,befee371-a2f5-4648-85db-a2c55fdf324c,00E9,O365BusinessRetail,
v.txt,Windows Z-Method Activation,537ea5b5-7d50-4876-bd38-a53a77caca32,00D6,O365HomePremRetail,
v.txt,Windows Z-Method Activation,149dbce7-a48e-44db-8364-a53386cd4580,00D4,O365ProPlusRetail,
v.txt,Windows Z-Method Activation,bacd4614-5bef-4a5e-bafc-de4c788037a2,00D5,O365SmallBusPremRetail,
v.txt,Windows Z-Method Activation,6337137e-7c07-4197-8986-bece6a76fc33,00E9,O365BusinessRetail,
v.txt,Windows Z-Method Activation,2f5c71b4-5b7a-4005-bb68-f9fac26f2ea3,00D6,O365EduCloudRetail,
v.txt,Windows Z-Method Activation,537ea5b5-7d50-4876-bd38-a53a77caca32,00D6,O365HomePremRetail,
v.txt,Windows Z-Method Activation,149dbce7-a48e-44db-8364-a53386cd4580,00D4,O365ProPlusRetail,
v.txt,Windows Z-Method Activation,bacd4614-5bef-4a5e-bafc-de4c788037a2,00D5,O365SmallBusPremRetail,
v.txt,Windows Z-Method Activation,bfa358b0-98f1-4125-842e-585fa13032e6,0015,AccessRetail,
v.txt,Windows Z-Method Activation,9d9faf9e-d345-4b49-afce-68cb0a539c7c,001C,AccessRuntimeRetail,
v.txt,Windows Z-Method Activation,3b2fa33f-cd5a-43a5-bd95-f49f3f546b0b,0015,AccessVolume,
v.txt,Windows Z-Method Activation,424d52ff-7ad2-4bc7-8ac6-748d767b455d,0016,ExcelRetail,
v.txt,Windows Z-Method Activation,685062a7-6024-42e7-8c5f-6bb9e63e697f,0016,ExcelVolume,
v.txt,Windows Z-Method Activation,c02fb62e-1cd5-4e18-ba25-e0480467ffaa,00E7,HomeBusinessPipcRetail,
v.txt,Windows Z-Method Activation,86834d00-7896-4a38-8fae-32f20b86fa2b,0013,HomeBusinessRetail,
v.txt,Windows Z-Method Activation,090896a0-ea98-48ac-b545-ba5da0eb0c9c,00CE,HomeStudentARMRetail,
v.txt,Windows Z-Method Activation,6bbe2077-01a4-4269-bf15-5bf4d8efc0b2,00DA,HomeStudentPlusARMRetail,
v.txt,Windows Z-Method Activation,c28acdb8-d8b3-4199-baa4-024d09e97c99,002F,HomeStudentRetail,
v.txt,Windows Z-Method Activation,e2127526-b60c-43e0-bed1-3c9dc3d5a468,002F,HomeStudentVNextRetail,
v.txt,Windows Z-Method Activation,b21367df-9545-4f02-9f24-240691da0e58,000F,MondoRetail,
v.txt,Windows Z-Method Activation,2cd0ea7e-749f-4288-a05e-567c573b2a6c,000F,MondoVolume,
v.txt,Windows Z-Method Activation,436366de-5579-4f24-96db-3893e4400030,00A3,OneNoteFreeRetail,
v.txt,Windows Z-Method Activation,83ac4dd9-1b93-40ed-aa55-ede25bb6af38,00A1,OneNoteRetail,
v.txt,Windows Z-Method Activation,23b672da-a456-4860-a8f3-e062a501d7e8,00A1,OneNoteVolume,
v.txt,Windows Z-Method Activation,5a670809-0983-4c2d-8aad-d3c2c5b7d5d1,001A,OutlookRetail,
v.txt,Windows Z-Method Activation,50059979-ac6f-4458-9e79-710bcb41721a,001A,OutlookVolume,
v.txt,Windows Z-Method Activation,5aab8561-1686-43f7-9ff5-2c861da58d17,00E6,PersonalPipcRetail,
v.txt,Windows Z-Method Activation,a9f645a1-0d6a-4978-926a-abcb363b72a6,0033,PersonalRetail,
v.txt,Windows Z-Method Activation,f32d1284-0792-49da-9ac6-deb2bc9c80b6,0018,PowerPointRetail,
v.txt,Windows Z-Method Activation,9b4060c9-a7f5-4a66-b732-faf248b7240f,0018,PowerPointVolume,
v.txt,Windows Z-Method Activation,4e26cac1-e15a-4467-9069-cb47b67fe191,00E8,ProfessionalPipcRetail,
v.txt,Windows Z-Method Activation,d64edc00-7453-4301-8428-197343fafb16,0014,ProfessionalRetail,
v.txt,Windows Z-Method Activation,0f42f316-00b1-48c5-ada4-2f52b5720ad0,003B,ProjectProRetail,
v.txt,Windows Z-Method Activation,82f502b5-b0b0-4349-bd2c-c560df85b248,003B,ProjectProVolume,
v.txt,Windows Z-Method Activation,16728639-a9ab-4994-b6d8-f81051e69833,003B,ProjectProXVolume,
v.txt,Windows Z-Method Activation,e9f0b3fc-962f-4944-ad06-05c10b6bcd5e,003A,ProjectStdRetail,
v.txt,Windows Z-Method Activation,82e6b314-2a62-4e51-9220-61358dd230e6,003A,ProjectStdVolume,
v.txt,Windows Z-Method Activation,431058f0-c059-44c5-b9e7-ed2dd46b6789,003A,ProjectStdXVolume,
v.txt,Windows Z-Method Activation,de52bd50-9564-4adc-8fcb-a345c17f84f9,0011,ProPlusRetail,
v.txt,Windows Z-Method Activation,c47456e3-265d-47b6-8ca0-c30abbd0ca36,0011,ProPlusVolume,
v.txt,Windows Z-Method Activation,6e0c1d99-c72e-4968-bcb7-ab79e03e201e,0019,PublisherRetail,
v.txt,Windows Z-Method Activation,fcc1757b-5d5f-486a-87cf-c4d6dedb6032,0019,PublisherVolume,
v.txt,Windows Z-Method Activation,971cd368-f2e1-49c1-aedd-330909ce18b6,012D,SkypeforBusinessEntryRetail,
v.txt,Windows Z-Method Activation,418d2b9f-b491-4d7f-84f1-49e27cc66597,012C,SkypeforBusinessRetail,
v.txt,Windows Z-Method Activation,03ca3b9a-0869-4749-8988-3cbc9d9f51bb,012C,SkypeforBusinessVolume,
v.txt,Windows Z-Method Activation,9103f3ce-1084-447a-827e-d6097f68c895,012C,SkypeServiceBypassRetail,
v.txt,Windows Z-Method Activation,4a31c291-3a12-4c64-b8ab-cd79212be45e,0012,StandardRetail,
v.txt,Windows Z-Method Activation,0ed94aac-2234-4309-ba29-74bdbb887083,0012,StandardVolume,
v.txt,Windows Z-Method Activation,2dfe2075-2d04-4e43-816a-eb60bbb77574,0051,VisioProRetail,
v.txt,Windows Z-Method Activation,295b2c03-4b1c-4221-b292-1411f468bd02,0051,VisioProVolume,
v.txt,Windows Z-Method Activation,0594dc12-8444-4912-936a-747ca742dbdb,0051,VisioProXVolume,
v.txt,Windows Z-Method Activation,c76dbcbc-d71b-4f45-b5b3-b7494cb4e23e,0053,VisioStdRetail,
v.txt,Windows Z-Method Activation,44151c2d-c398-471f-946f-7660542e3369,0053,VisioStdVolume,
v.txt,Windows Z-Method Activation,1d1c6879-39a3-47a5-9a6d-aceefa6a289d,0053,VisioStdXVolume,
v.txt,Windows Z-Method Activation,cacaa1bf-da53-4c3b-9700-11738ef1c2a5,001B,WordRetail,
v.txt,Windows Z-Method Activation,c3000759-551f-4f4a-bcac-a4b42cbf1de2,001B,WordVolume,
t.txt,Main Complete Script,533b656a-4425-480b-8e30-1a2358898350,MAK,MondoVL,
t.txt,Main Complete Script,4d463c2c-0505-4626-8cdb-a4da82e2d8ed,0015,AccessR,
t.txt,Main Complete Script,745fb377-0a59-4ca9-b9a9-c359557a2c4e,001C,AccessRuntimeR,
t.txt,Main Complete Script,95ab3ec8-4106-4f9d-b632-03c019d1d23f,0015,AccessVL,
t.txt,Main Complete Script,4eaff0d0-c6cb-4187-94f3-c7656d49a0aa,0016,ExcelR_[HSExcelR],
t.txt,Main Complete Script,71dc86ff-f056-40d0-8ffb-9592705c9b76,0016,ExcelVL,
t.txt,Main Complete Script,7004b7f0-6407-4f45-8eac-966e5f868bde,00BA,GrooveR,
t.txt,Main Complete Script,fdad0dfa-417d-4b4f-93e4-64ea8867b7fd,00BA,GrooveVL,
t.txt,Main Complete Script,7b7d1f17-fdcb-4820-9789-9bec6e377821,0013,HomeBusinessR_[HomeBusinessDemoR],
t.txt,Main Complete Script,19316117-30a8-4773-8fd9-7f7231f4e060,011E,HomeBusinessSubR,
t.txt,Main Complete Script,09e2d37e-474b-4121-8626-58ad9be5776f,002F,HomeStudentR_[HomeStudentDemoR],
t.txt,Main Complete Script,ef1da464-01c8-43a6-91af-e4e5713744f9,0044,InfoPathR,
t.txt,Main Complete Script,85e22450-b741-430c-a172-a37962c938af,0044,InfoPathVL,
t.txt,Main Complete Script,14f5946a-debc-4716-babc-7e2c240fec08,000F,MondoR,
t.txt,Main Complete Script,533b656a-4425-480b-8e30-1a2358898350,000F,MondoVL,
t.txt,Main Complete Script,c1ceda8b-c578-4d5d-a4aa-23626be4e234,003D,ProfessionalR_[OEM-SingleImage]Exception,
t.txt,Main Complete Script,3f7aa693-9a7e-44fc-9309-bb3d8e604925,00A1,OneNoteR_[HSOneNoteR],
t.txt,Main Complete Script,6860b31f-6a67-48b8-84b9-e312b3485c4b,00A1,OneNoteVL,
t.txt,Main Complete Script,fbf4ac36-31c8-4340-8666-79873129cf40,001A,OutlookR,
t.txt,Main Complete Script,a9aeabd8-63b8-4079-a28e-f531807fd6b8,001A,OutlookVL,
t.txt,Main Complete Script,acb51361-c0db-4895-9497-1831c41f31a6,0033,"PersonalR_[PersonalDemoR,PersonalPrepaidR]",
t.txt,Main Complete Script,133c8359-4e93-4241-8118-30bb18737ea0,0018,PowerPointR_[HSPowerPointR],
t.txt,Main Complete Script,38252940-718c-4aa6-81a4-135398e53851,0018,PowerPointVL,
t.txt,Main Complete Script,8b559c37-0117-413e-921b-b853aeb6e210,0014,"ProfessionalR_[ProfessionalAcadR,ProfessionalDemoR]",
t.txt,Main Complete Script,725714d7-d58f-4d12-9fa8-35873c6f7215,003B,ProjectProR_[ProjectProMSDNR],
t.txt,Main Complete Script,4d06f72e-fd50-4bc2-a24b-d448d7f17ef2,011F,ProjectProSubR,
t.txt,Main Complete Script,1cf57a59-c532-4e56-9a7d-ffa2fe94b474,003B,ProjectProVL,
t.txt,Main Complete Script,688f6589-2bd9-424e-a152-b13f36aa6de1,003A,ProjectStdR,
t.txt,Main Complete Script,11b39439-6b93-4642-9570-f2eb81be2238,003A,ProjectStdVL,
t.txt,Main Complete Script,71af7e84-93e6-4363-9b69-699e04e74071,0011,"ProPlusR_[ProPlusAcadR,ProPlusMSDNR,Sub4R]",
t.txt,Main Complete Script,e98ef0c0-71c4-42ce-8305-287d8721e26c,011D,ProPlusSubR,
t.txt,Main Complete Script,fdf3ecb9-b56f-43b2-a9b8-1b48b6bae1a7,0011,ProPlusVL_[ProPlusAcadVL],
t.txt,Main Complete Script,98677603-a668-4fa4-9980-3f1f05f78f69,0019,PublisherR,
t.txt,Main Complete Script,3d014759-b128-4466-9018-e80f6320d9d0,0019,PublisherVL,
t.txt,Main Complete Script,dbe3aee0-5183-4ff7-8142-66050173cb01,008B,SmallBusBasicsR_[SmallBusBasicsMSDNR],
t.txt,Main Complete Script,8090771e-d41a-4482-929e-de87f1f47e46,008B,SmallBusBasicsVL,
t.txt,Main Complete Script,b78df69e-0966-40b1-ae85-30a5134dedd0,0017,SPDR,
t.txt,Main Complete Script,d3422cfb-8d8b-4ead-99f9-eab0ccd990d7,0012,StandardR,
t.txt,Main Complete Script,1f76e346-e0be-49bc-9954-70ec53a4fcfe,0012,StandardVL_[StandardAcadVL],
t.txt,Main Complete Script,2745e581-565a-4670-ae90-6bf7c57ffe43,0066,StarterR,
t.txt,Main Complete Script,66cad568-c2dc-459d-93ec-2f3cb967ee34,0057,"VisioSIR_Prem[Pro,Std]Exception",
t.txt,Main Complete Script,36756cb8-8e69-4d11-9522-68899507cd6a,0057,"VisioSIVL_Prem[Pro,Std]Exception",
t.txt,Main Complete Script,db3bbc9c-ce52-41d1-a46f-1a1d68059119,001B,WordR_[HSWordR],
t.txt,Main Complete Script,98d4050e-9c98-49bf-9be1-85e12eb3ab13,001B,WordVL,
t.txt,Main Complete Script,ab4d047b-97cf-4126-a69f-34df08e2f254,0015,AccessRetail,
t.txt,Main Complete Script,259de5be-492b-44b3-9d78-9645f848f7b0,001C,AccessRuntimeRetail,
t.txt,Main Complete Script,4374022d-56b8-48c1-9bb7-d8f2fc726343,0015,AccessVolume,
t.txt,Main Complete Script,1b1d9bd5-12ea-4063-964c-16e7e87d6e08,0016,ExcelRetail,
t.txt,Main Complete Script,ac1ae7fd-b949-4e04-a330-849bc40638cf,0016,ExcelVolume,
t.txt,Main Complete Script,cfaf5356-49e3-48a8-ab3c-e729ab791250,00BA,GrooveRetail,
t.txt,Main Complete Script,4825ac28-ce41-45a7-9e6e-1fed74057601,00BA,GrooveVolume,
t.txt,Main Complete Script,c02fb62e-1cd5-4e18-ba25-e0480467ffaa,00E7,HomeBusinessPipcRetail,
t.txt,Main Complete Script,cd256150-a898-441f-aac0-9f8f33390e45,0013,HomeBusinessRetail,
t.txt,Main Complete Script,1fdfb4e4-f9c9-41c4-b055-c80daf00697d,00CE,HomeStudentARMRetail,
t.txt,Main Complete Script,ebef9f05-5273-404a-9253-c5e252f50555,00DA,HomeStudentPlusARMRetail,
t.txt,Main Complete Script,98685d21-78bd-4c62-bc4f-653344a63035,002F,HomeStudentRetail,
t.txt,Main Complete Script,44984381-406e-4a35-b1c3-e54f499556e2,0044,InfoPathRetail,
t.txt,Main Complete Script,9e016989-4007-42a6-8051-64eb97110cf2,0044,InfoPathVolume,
t.txt,Main Complete Script,9103f3ce-1084-447a-827e-d6097f68c895,00EA,LyncAcademicRetail,
t.txt,Main Complete Script,ff693bf4-0276-4ddb-bb42-74ef1a0c9f4d,012D,LyncEntryRetail,
t.txt,Main Complete Script,fada6658-bfc6-4c4e-825a-59a89822cda8,012C,LyncRetail,
t.txt,Main Complete Script,e1264e10-afaf-4439-a98b-256df8bb156f,012C,LyncVolume,
t.txt,Main Complete Script,3169c8df-f659-4f95-9cc6-3115e6596e83,000F,MondoRetail,
t.txt,Main Complete Script,f33485a0-310b-4b72-9a0e-b1d605510dbd,000F,MondoVolume,
t.txt,Main Complete Script,3391e125-f6e4-4b1e-899c-a25e6092d40d,00A1,OneNoteFreeRetail,
t.txt,Main Complete Script,8b524bcc-67ea-4876-a509-45e46f6347e8,00A1,OneNoteRetail,
t.txt,Main Complete Script,b067e965-7521-455b-b9f7-c740204578a2,00A1,OneNoteVolume,
t.txt,Main Complete Script,12004b48-e6c8-4ffa-ad5a-ac8d4467765a,001A,OutlookRetail,
t.txt,Main Complete Script,8d577c50-ae5e-47fd-a240-24986f73d503,001A,OutlookVolume,
t.txt,Main Complete Script,5aab8561-1686-43f7-9ff5-2c861da58d17,00E6,PersonalPipcRetail,
t.txt,Main Complete Script,17e9df2d-ed91-4382-904b-4fed6a12caf0,0033,PersonalRetail,
t.txt,Main Complete Script,31743b82-bfbc-44b6-aa12-85d42e644d5b,0018,PowerPointRetail,
t.txt,Main Complete Script,e40dcb44-1d5c-4085-8e8f-943f33c4f004,0018,PowerPointVolume,
t.txt,Main Complete Script,4e26cac1-e15a-4467-9069-cb47b67fe191,00E8,ProfessionalPipcRetail,
t.txt,Main Complete Script,44bc70e2-fb83-4b09-9082-e5557e0c2ede,0014,ProfessionalRetail,
t.txt,Main Complete Script,f2435de4-5fc0-4e5b-ac97-34f515ec5ee7,003B,ProjectProRetail,
t.txt,Main Complete Script,ed34dc89-1c27-4ecd-8b2f-63d0f4cedc32,003B,ProjectProVolume,
t.txt,Main Complete Script,5517e6a2-739b-4822-946f-7f0f1c5934b1,003A,ProjectStdRetail,
t.txt,Main Complete Script,2b9e4a37-6230-4b42-bee2-e25ce86c8c7a,003A,ProjectStdVolume,
t.txt,Main Complete Script,064383fa-1538-491c-859b-0ecab169a0ab,0011,ProPlusRetail,
t.txt,Main Complete Script,2b88c4f2-ea8f-43cd-805e-4d41346e18a7,0011,ProPlusVolume,
t.txt,Main Complete Script,c3a0814a-70a4-471f-af37-2313a6331111,0019,PublisherRetail,
t.txt,Main Complete Script,38ea49f6-ad1d-43f1-9888-99a35d7c9409,0019,PublisherVolume,
t.txt,Main Complete Script,ba3e3833-6a7e-445a-89d0-7802a9a68588,0017,SPDRetail,
t.txt,Main Complete Script,32255c0a-16b4-4ce2-b388-8a4267e219eb,0012,StandardRetail,
t.txt,Main Complete Script,a24cca51-3d54-4c41-8a76-4031f5338cb2,0012,StandardVolume,
t.txt,Main Complete Script,15d12ad4-622d-4257-976c-5eb3282fb93d,0051,VisioProRetail,
t.txt,Main Complete Script,3e4294dd-a765-49bc-8dbd-cf8b62a4bd3d,0051,VisioProVolume,
t.txt,Main Complete Script,dae597ce-5823-4c77-9580-7268b93a4b23,0053,VisioStdRetail,
t.txt,Main Complete Script,44a1f6ff-0876-4edb-9169-dbb43101ee89,0053,VisioStdVolume,
t.txt,Main Complete Script,191509f2-6977-456f-ab30-cf0492b1e93a,001B,WordRetail,
t.txt,Main Complete Script,9cedef15-be37-4ff0-a08a-13a045540641,001B,WordVolume,
t.txt,Main Complete Script,befee371-a2f5-4648-85db-a2c55fdf324c,00E9,O365BusinessRetail,
t.txt,Main Complete Script,537ea5b5-7d50-4876-bd38-a53a77caca32,00D6,O365HomePremRetail,
t.txt,Main Complete Script,149dbce7-a48e-44db-8364-a53386cd4580,00D4,O365ProPlusRetail,
t.txt,Main Complete Script,bacd4614-5bef-4a5e-bafc-de4c788037a2,00D5,O365SmallBusPremRetail,
t.txt,Main Complete Script,6337137e-7c07-4197-8986-bece6a76fc33,00E9,O365BusinessRetail,
t.txt,Main Complete Script,2f5c71b4-5b7a-4005-bb68-f9fac26f2ea3,00D6,O365EduCloudRetail,
t.txt,Main Complete Script,537ea5b5-7d50-4876-bd38-a53a77caca32,00D6,O365HomePremRetail,
t.txt,Main Complete Script,149dbce7-a48e-44db-8364-a53386cd4580,00D4,O365ProPlusRetail,
t.txt,Main Complete Script,bacd4614-5bef-4a5e-bafc-de4c788037a2,00D5,O365SmallBusPremRetail,
t.txt,Main Complete Script,bfa358b0-98f1-4125-842e-585fa13032e6,0015,AccessRetail,
t.txt,Main Complete Script,9d9faf9e-d345-4b49-afce-68cb0a539c7c,001C,AccessRuntimeRetail,
t.txt,Main Complete Script,3b2fa33f-cd5a-43a5-bd95-f49f3f546b0b,0015,AccessVolume,
t.txt,Main Complete Script,424d52ff-7ad2-4bc7-8ac6-748d767b455d,0016,ExcelRetail,
t.txt,Main Complete Script,685062a7-6024-42e7-8c5f-6bb9e63e697f,0016,ExcelVolume,
t.txt,Main Complete Script,c02fb62e-1cd5-4e18-ba25-e0480467ffaa,00E7,HomeBusinessPipcRetail,
t.txt,Main Complete Script,86834d00-7896-4a38-8fae-32f20b86fa2b,0013,HomeBusinessRetail,
t.txt,Main Complete Script,090896a0-ea98-48ac-b545-ba5da0eb0c9c,00CE,HomeStudentARMRetail,
t.txt,Main Complete Script,6bbe2077-01a4-4269-bf15-5bf4d8efc0b2,00DA,HomeStudentPlusARMRetail,
t.txt,Main Complete Script,c28acdb8-d8b3-4199-baa4-024d09e97c99,002F,HomeStudentRetail,
t.txt,Main Complete Script,e2127526-b60c-43e0-bed1-3c9dc3d5a468,002F,HomeStudentVNextRetail,
t.txt,Main Complete Script,b21367df-9545-4f02-9f24-240691da0e58,000F,MondoRetail,
t.txt,Main Complete Script,2cd0ea7e-749f-4288-a05e-567c573b2a6c,000F,MondoVolume,
t.txt,Main Complete Script,436366de-5579-4f24-96db-3893e4400030,00A3,OneNoteFreeRetail,
t.txt,Main Complete Script,83ac4dd9-1b93-40ed-aa55-ede25bb6af38,00A1,OneNoteRetail,
t.txt,Main Complete Script,23b672da-a456-4860-a8f3-e062a501d7e8,00A1,OneNoteVolume,
t.txt,Main Complete Script,5a670809-0983-4c2d-8aad-d3c2c5b7d5d1,001A,OutlookRetail,
t.txt,Main Complete Script,50059979-ac6f-4458-9e79-710bcb41721a,001A,OutlookVolume,
t.txt,Main Complete Script,5aab8561-1686-43f7-9ff5-2c861da58d17,00E6,PersonalPipcRetail,
t.txt,Main Complete Script,a9f645a1-0d6a-4978-926a-abcb363b72a6,0033,PersonalRetail,
t.txt,Main Complete Script,f32d1284-0792-49da-9ac6-deb2bc9c80b6,0018,PowerPointRetail,
t.txt,Main Complete Script,9b4060c9-a7f5-4a66-b732-faf248b7240f,0018,PowerPointVolume,
t.txt,Main Complete Script,4e26cac1-e15a-4467-9069-cb47b67fe191,00E8,ProfessionalPipcRetail,
t.txt,Main Complete Script,d64edc00-7453-4301-8428-197343fafb16,0014,ProfessionalRetail,
t.txt,Main Complete Script,0f42f316-00b1-48c5-ada4-2f52b5720ad0,003B,ProjectProRetail,
t.txt,Main Complete Script,82f502b5-b0b0-4349-bd2c-c560df85b248,003B,ProjectProVolume,
t.txt,Main Complete Script,16728639-a9ab-4994-b6d8-f81051e69833,003B,ProjectProXVolume,
t.txt,Main Complete Script,e9f0b3fc-962f-4944-ad06-05c10b6bcd5e,003A,ProjectStdRetail,
t.txt,Main Complete Script,82e6b314-2a62-4e51-9220-61358dd230e6,003A,ProjectStdVolume,
t.txt,Main Complete Script,431058f0-c059-44c5-b9e7-ed2dd46b6789,003A,ProjectStdXVolume,
t.txt,Main Complete Script,de52bd50-9564-4adc-8fcb-a345c17f84f9,0011,ProPlusRetail,
t.txt,Main Complete Script,c47456e3-265d-47b6-8ca0-c30abbd0ca36,0011,ProPlusVolume,
t.txt,Main Complete Script,6e0c1d99-c72e-4968-bcb7-ab79e03e201e,0019,PublisherRetail,
t.txt,Main Complete Script,fcc1757b-5d5f-486a-87cf-c4d6dedb6032,0019,PublisherVolume,
t.txt,Main Complete Script,971cd368-f2e1-49c1-aedd-330909ce18b6,012D,SkypeforBusinessEntryRetail,
t.txt,Main Complete Script,418d2b9f-b491-4d7f-84f1-49e27cc66597,012C,SkypeforBusinessRetail,
t.txt,Main Complete Script,03ca3b9a-0869-4749-8988-3cbc9d9f51bb,012C,SkypeforBusinessVolume,
t.txt,Main Complete Script,9103f3ce-1084-447a-827e-d6097f68c895,012C,SkypeServiceBypassRetail,
t.txt,Main Complete Script,4a31c291-3a12-4c64-b8ab-cd79212be45e,0012,StandardRetail,
t.txt,Main Complete Script,0ed94aac-2234-4309-ba29-74bdbb887083,0012,StandardVolume,
t.txt,Main Complete Script,2dfe2075-2d04-4e43-816a-eb60bbb77574,0051,VisioProRetail,
t.txt,Main Complete Script,295b2c03-4b1c-4221-b292-1411f468bd02,0051,VisioProVolume,
t.txt,Main Complete Script,0594dc12-8444-4912-936a-747ca742dbdb,0051,VisioProXVolume,
t.txt,Main Complete Script,c76dbcbc-d71b-4f45-b5b3-b7494cb4e23e,0053,VisioStdRetail,
t.txt,Main Complete Script,44151c2d-c398-471f-946f-7660542e3369,0053,VisioStdVolume,
t.txt,Main Complete Script,1d1c6879-39a3-47a5-9a6d-aceefa6a289d,0053,VisioStdXVolume,
t.txt,Main Complete Script,cacaa1bf-da53-4c3b-9700-11738ef1c2a5,001B,WordRetail,
t.txt,Main Complete Script,c3000759-551f-4f4a-bcac-a4b42cbf1de2,001B,WordVolume,
